Date,Name,Year,Letterboxd URI
2022-08-17,Cinema Paradiso,1988,https://boxd.it/1UlA
2022-08-17,Spirited Away,2001,https://boxd.it/2b4m
2022-08-17,Princess Mononoke,1997,https://boxd.it/2b4w
2022-08-17,Call Me by Your Name,2017,https://boxd.it/dYmm
2022-08-17,Drive My Car,2021,https://boxd.it/sv94
2022-08-17,The Worst Person in the World,2021,https://boxd.it/oyws
2022-08-17,Another Round,2020,https://boxd.it/lkba
2022-08-17,Idiot Prayer: Nick Cave Alone at Alexandra Palace,2020,https://boxd.it/reRG
2022-08-17,1917,2019,https://boxd.it/jj4y
2022-08-17,Once Upon a Time... in Hollywood,2019,https://boxd.it/gH0O
2022-08-17,The Lighthouse,2019,https://boxd.it/icFU
2022-08-17,Chernobyl,2019,https://boxd.it/mkbG
2022-08-17,Apollo 11,2019,https://boxd.it/k4r0
2022-08-17,Spider-Man: Into the Spider-Verse,2018,https://boxd.it/azpY
2022-08-18,mid90s,2018,https://boxd.it/fxIa
2022-08-18,Free Solo,2018,https://boxd.it/iEEq
2022-08-18,Annihilation,2018,https://boxd.it/9yzm
2022-08-18,Coco,2017,https://boxd.it/bYJQ
2022-08-18,Blade Runner 2049,2017,https://boxd.it/b8wK
2022-08-18,Jane,2017,https://boxd.it/gStC
2022-08-18,Baby Driver,2017,https://boxd.it/bhF2
2022-08-18,Get Out,2017,https://boxd.it/eOCm
2022-08-18,The Handmaiden,2016,https://boxd.it/948A
2022-08-18,Inside Out,2015,https://boxd.it/4KHC
2022-08-18,Nightcrawler,2014,https://boxd.it/780m
2022-08-18,Edge of Tomorrow,2014,https://boxd.it/4pD0
2022-08-18,The Grand Budapest Hotel,2014,https://boxd.it/3ZqO
2022-08-18,The Raid 2,2014,https://boxd.it/5uz0
2022-08-18,Her,2013,https://boxd.it/4O24
2022-08-18,Django Unchained,2012,https://boxd.it/2cCk
2022-08-18,Les Misérables,2012,https://boxd.it/2TT4
2022-08-19,The Pinchcliffe Grand Prix,1975,https://boxd.it/hJe6
2022-08-19,Dead Man,1995,https://boxd.it/29h4
2022-08-19,Grizzly Man,2005,https://boxd.it/2ag2
2022-08-19,Inglourious Basterds,2009,https://boxd.it/1JzG
2022-08-19,I Saw the Devil,2010,https://boxd.it/FaK
2022-08-19,"Oslo, August 31st",2011,https://boxd.it/2xQC
2022-08-19,Planet Earth II,2016,https://boxd.it/eS8g
2022-08-19,The Witch,2015,https://boxd.it/9X0m
2022-08-19,Ex Machina,2015,https://boxd.it/7T2k
2022-08-20,Harakiri,1962,https://boxd.it/1NTU
2022-08-21,Indiana Jones and the Last Crusade,1989,https://boxd.it/2baO
2022-09-06,Midnight in Paris,2011,https://boxd.it/i4a
2022-09-06,Memories of Murder,2003,https://boxd.it/1TSo
2022-09-14,The Conformist,1970,https://boxd.it/20cE
2022-09-15,The Intouchables,2011,https://boxd.it/2FT0
2022-09-17,2001: A Space Odyssey,1968,https://boxd.it/2bf0
2022-09-18,Portrait of a Lady on Fire,2019,https://boxd.it/jkPq
2022-09-26,Fantastic Mr. Fox,2009,https://boxd.it/1WyQ
2022-09-26,Blade Runner,1982,https://boxd.it/2bcA
2022-09-26,The Lion King,1994,https://boxd.it/201Q
2022-09-26,Shrek,2001,https://boxd.it/29zi
2022-09-26,Pan's Labyrinth,2006,https://boxd.it/28No
2022-11-16,Chungking Express,1994,https://boxd.it/1UDa
2022-11-17,Fire of Love,2022,https://boxd.it/yoPY
2022-11-26,Lady Vengeance,2005,https://boxd.it/248G
2022-12-07,Berserk,1997,https://boxd.it/pzgM
2022-12-31,John - The Last Cowboy,2021,https://boxd.it/xvh8
2023-01-12,Fallen Angels,1995,https://boxd.it/1UkW
2023-01-24,Decision to Leave,2022,https://boxd.it/qp9e
2023-01-25,Parasite,2019,https://boxd.it/hTha
2023-01-26,Le Trou,1960,https://boxd.it/1nSw
2023-02-02,Dogville,2003,https://boxd.it/2a8W
2023-02-06,The Brothers Lionheart,1977,https://boxd.it/1Udm
2023-03-21,Kill Bill: Vol. 1,2003,https://boxd.it/70w
2023-03-23,The Godfather,1972,https://boxd.it/2aNK
2023-03-24,Dogtooth,2009,https://boxd.it/158K
2023-03-29,Joint Security Area,2000,https://boxd.it/26Ja
2023-04-13,The Favourite,2018,https://boxd.it/d2hI
2023-04-14,The Green Knight,2021,https://boxd.it/kuy2
2023-04-25,Full Metal Jacket,1987,https://boxd.it/2a1Q
2023-05-11,The Lobster,2015,https://boxd.it/7tnw
2023-07-15,The Red Turtle,2016,https://boxd.it/bdkE
2023-07-18,Pulp Fiction,1994,https://boxd.it/29Pq
2023-08-01,Redline,2009,https://boxd.it/2pQ0
2023-08-06,Elling,2001,https://boxd.it/22cc
2023-08-07,Dreams,1990,https://boxd.it/1ROu
2023-08-08,Brother Bear,2003,https://boxd.it/1Xjs
2023-08-16,Spider-Man: Across the Spider-Verse,2023,https://boxd.it/kSz4
2023-08-22,Harry Potter and the Philosopher's Stone,2001,https://boxd.it/29QS
2023-09-26,Himiko,1974,https://boxd.it/34d4
2023-10-02,L.A. Confidential,1997,https://boxd.it/27oC
2023-10-25,The Graduate,1967,https://boxd.it/18Im
2023-10-27,Victoria,2015,https://boxd.it/amSe
2023-10-30,Bram Stoker's Dracula,1992,https://boxd.it/223a
2023-11-06,Apocalypse Now,1979,https://boxd.it/6ZS
2023-11-13,The Boy and the Heron,2023,https://boxd.it/ipeM
2023-11-14,Cure,1997,https://boxd.it/1blA
2023-11-19,Harry Potter and the Chamber of Secrets,2002,https://boxd.it/29QI
2023-11-30,Harry Potter and the Prisoner of Azkaban,2004,https://boxd.it/29Qy
2023-12-12,Persona,1966,https://boxd.it/29B4
2024-01-10,Burning,2018,https://boxd.it/hHUa
2024-01-15,"A Girl, She Is 100%",1983,https://boxd.it/7DL4
2024-02-05,The Remarkable Life of Ibelin,2024,https://boxd.it/Iftk
2024-02-09,The Match Factory Girl,1990,https://boxd.it/20Je
2024-02-12,Past Lives,2023,https://boxd.it/oNB8
2024-02-24,Into the Wild,2007,https://boxd.it/22m2
2024-03-01,Dune: Part Two,2024,https://boxd.it/pUfA
2024-04-10,Ripley,2024,https://boxd.it/LT5S
2024-04-17,Perfect Days,2023,https://boxd.it/ATh8
2024-04-19,The Talented Mr. Ripley,1999,https://boxd.it/2924
2024-04-25,Baby Reindeer,2024,https://boxd.it/MwSa
2024-08-05,Le Samouraï,1967,https://boxd.it/22ZI
2024-08-23,Junk Mail,1997,https://boxd.it/1dEk
2024-09-23,The Iron Giant,1999,https://boxd.it/1Wow
2024-12-08,The Lord of the Rings: The Fellowship of the Ring,2001,https://boxd.it/2b5O
2024-12-30,A Grand Day Out,1989,https://boxd.it/2acu
2025-01-14,Napoleon Dynamite,2004,https://boxd.it/20wu
