Date,Content
2022-08-21,https://boxd.it/39jZpJ
2022-09-05,https://boxd.it/37PCTH
2022-09-20,https://boxd.it/3d8bA7
2022-09-24,https://boxd.it/1xnYI9
2022-09-25,https://boxd.it/2zH9Cl
2022-09-25,https://boxd.it/2MoGwT
2022-09-26,https://boxd.it/1puhrB
2022-10-07,https://boxd.it/3hyndH
2022-11-06,https://boxd.it/2mQEYN
2022-11-07,https://boxd.it/3p8WVT
2022-12-01,https://boxd.it/2MYk5D
2022-12-02,https://boxd.it/2wijUR
2022-12-03,https://boxd.it/3ukSa9
2022-12-03,https://boxd.it/3tJnYN
2022-12-03,https://boxd.it/3sQJXH
2023-01-09,https://boxd.it/2Ilm0h
2023-01-22,https://boxd.it/3rg9gL
2023-01-24,https://boxd.it/38apRl
2023-01-31,https://boxd.it/1tX159
2023-02-10,https://boxd.it/3PLKMR
2023-02-20,https://boxd.it/3SmBt9
2023-03-08,https://boxd.it/CH8OV
2023-03-20,https://boxd.it/3ZL15X
2023-03-24,https://boxd.it/2H1QbP
2023-03-24,https://boxd.it/3dMUeP
2023-04-17,https://boxd.it/1TpGqt
2023-05-05,https://boxd.it/4zXtn
2023-07-14,https://boxd.it/4ru88n
2023-07-14,https://boxd.it/5u4Ct
2023-07-17,https://boxd.it/33jWOx
2023-07-17,https://boxd.it/333tU5
2023-07-17,https://boxd.it/2M468r
2023-07-17,https://boxd.it/2Cpn81
2023-07-17,https://boxd.it/2mUhVf
2023-08-08,https://boxd.it/4DxWO3
2023-08-16,https://boxd.it/1Lrnm5
2023-08-24,https://boxd.it/13rjf
2023-08-24,https://boxd.it/1lTCTP
2023-09-01,https://boxd.it/26HCgR
2023-09-03,https://boxd.it/4Nbx9P
2023-09-12,https://boxd.it/4PQNbn
2023-09-26,https://boxd.it/2c28Vn
2023-10-02,https://boxd.it/4VaCSl
2023-10-11,https://boxd.it/4YzP0N
2023-10-16,https://boxd.it/50bJq1
2023-10-17,https://boxd.it/4ZRZh5
2023-10-23,https://boxd.it/52s6rh
2023-10-25,https://boxd.it/39cgyx
2023-10-26,https://boxd.it/51y1B5
2023-10-28,https://boxd.it/4jidxV
2023-11-07,https://boxd.it/qY6Cz
2023-11-13,https://boxd.it/59sRQB
2023-11-30,https://boxd.it/4K2XYf
2023-11-30,https://boxd.it/2GIG2F
2023-12-03,https://boxd.it/5fZABf
2023-12-03,https://boxd.it/3OlmYt
2023-12-09,https://boxd.it/5i51B5
2023-12-13,https://boxd.it/3SAavZ
2023-12-17,https://boxd.it/5kOSst
2023-12-18,https://boxd.it/5l2XqP
2023-12-18,https://boxd.it/4oJ2Zj
2023-12-19,https://boxd.it/4I2Snv
2023-12-21,https://boxd.it/5mbkgt
2023-12-26,https://boxd.it/5cwBbx
2023-12-30,https://boxd.it/5qsNb3
2024-01-02,https://boxd.it/5sEnlt
2024-01-03,https://boxd.it/2Nmrov
2024-01-10,https://boxd.it/5y3Vth
2024-01-17,https://boxd.it/5isA7P
2024-01-19,https://boxd.it/5CQqvZ
2024-01-24,https://boxd.it/5Ey9jf
2024-01-25,https://boxd.it/vfC0d
2024-01-25,https://boxd.it/5FMLef
2024-01-30,https://boxd.it/5GU5VV
2024-02-02,https://boxd.it/yITBF
2024-02-03,https://boxd.it/8vmlz
2024-02-05,https://boxd.it/5LuLGV
2024-02-22,https://boxd.it/5BFEgt
2024-02-26,https://boxd.it/4RkKEP
2024-02-26,https://boxd.it/42HxRj
2024-02-27,https://boxd.it/5UVFth
2024-02-27,https://boxd.it/5Vn8O3
2024-03-01,https://boxd.it/5WMvZR
2024-03-02,https://boxd.it/5VQLoh
2024-03-02,https://boxd.it/5SYWQv
2024-03-03,https://boxd.it/5Xixx5
2024-03-13,https://boxd.it/5ZxnmJ
2024-03-13,https://boxd.it/5j72ep
2024-03-24,https://boxd.it/66vJvR
2024-04-15,https://boxd.it/6gUNPV
2024-04-17,https://boxd.it/6hW5D5
2024-04-17,https://boxd.it/62nFs3
2024-04-18,https://boxd.it/62P3Th
2024-04-18,https://boxd.it/6ifOif
2024-04-18,https://boxd.it/6hcfPN
2024-04-25,https://boxd.it/6l8xGH
2024-04-28,https://boxd.it/6mAqWD
2024-05-04,https://boxd.it/6oHDaf
2024-06-12,https://boxd.it/6b8y4T
2024-08-12,https://boxd.it/71UheB
2024-09-15,https://boxd.it/7jL2qh
2024-09-15,https://boxd.it/7jyr6Z
2024-09-19,https://boxd.it/nximd
2024-12-12,https://boxd.it/81r8OZ
2024-12-31,https://boxd.it/2Kqptz
2025-01-07,https://boxd.it/7jrNqD
2025-01-16,https://boxd.it/8tCNBr
